Steven,King,100,90,AD_PRES
Neena,Kochhar,101,90,AD_VP
Lex,De Haan,102,90,AD_VP
Alexander,Hunold,103,60,IT_PROG
Bruce,Ernst,104,60,IT_PROG
David,Austin,105,60,IT_PROG
Valli,Pataballa,106,60,IT_PROG
Diana,Lorentz,107,60,IT_PROG
Nancy,Greenberg,108,100,FI_MGR
Daniel,Faviet,109,100,FI_ACCOUNT
John,Chen,110,100,FI_ACCOUNT
Ismael,Sciarra,111,100,FI_ACCOUNT
Jose Manuel,Urman,112,100,FI_ACCOUNT
Luis,Popp,113,100,FI_ACCOUNT
Den,Raphaely,114,30,PU_MAN
Alexander,Khoo,115,30,PU_CLERK
Shelli,Baida,116,30,PU_CLERK
Sigal,Tobias,117,30,PU_CLERK
Guy,Himuro,118,30,PU_CLERK
Karen,Colmenares,119,30,PU_CLERK
Matthew,Weiss,120,50,ST_MAN
Adam,Fripp,121,50,ST_MAN
Payam,Kaufling,122,50,ST_MAN
Shanta,Vollman,123,50,ST_MAN
Kevin,Mourgos,124,50,ST_MAN
Julia,Nayer,125,50,ST_CLERK
Irene,Mikkilineni,126,50,ST_CLERK
James,Landry,127,50,ST_CLERK
Jalil,Markle,128,50,ST_CLERK
Laura,Bissot,129,50,ST_CLERK
Mozhe,Atkinson,130,50,ST_CLERK
James,Marlow,131,50,ST_CLERK
TJ,Olson,132,50,ST_CLERK
Jason,Mallin,133,50,ST_CLERK
Michael,Rogers,134,50,ST_CLERK
Ki,Gee,135,50,ST_CLERK
Hazel,Philtanker,136,50,ST_CLERK
Renske,Ladwig,137,50,ST_CLERK
Stephen,Stiles,138,50,ST_CLERK
John,Seo,139,50,ST_CLERK
Joshua,Patel,140,50,ST_CLERK
Trenna,Rajs,141,50,ST_CLERK
Curtis,Davies,142,50,ST_CLERK
Randall,Matos,143,50,ST_CLERK
Peter,Vargas,144,50,ST_CLERK
John,Russell,145,80,SA_MAN
Karen,Partners,146,80,SA_MAN
Alberto,Errazuriz,147,80,SA_MAN
Gerald,Cambrault,148,80,SA_MAN
Eleni,Zlotkey,149,80,SA_MAN
Peter,Tucker,150,80,SA_REP
David,Bernstein,151,80,SA_REP
Peter,Hall,152,80,SA_REP
Christopher,Olsen,153,80,SA_REP
Nanette,Cambrault,154,80,SA_REP
Oliver,Tuvault,155,80,SA_REP
Janette,King,156,80,SA_REP
Patrick,Sully,157,80,SA_REP
Allan,McEwen,158,80,SA_REP
Lindsey,Smith,159,80,SA_REP
Louise,Doran,160,80,SA_REP
Sarath,Sewall,161,80,SA_REP
Clara,Vishney,162,80,SA_REP
Danielle,Greene,163,80,SA_REP
Mattea,Marvins,164,80,SA_REP
David,Lee,165,80,SA_REP
Sundar,Ande,166,80,SA_REP
Amit,Banda,167,80,SA_REP
Lisa,Ozer,168,80,SA_REP
Harrison,Bloom,169,80,SA_REP
Tayler,Fox,170,80,SA_REP
William,Smith,171,80,SA_REP
Elizabeth,Bates,172,80,SA_REP
Sundita,Kumar,173,80,SA_REP
Ellen,Abel,174,80,SA_REP
Alyssa,Hutton,175,80,SA_REP
Jonathon,Taylor,176,80,SA_REP
Jack,Livingston,177,80,SA_REP
Kimberely,Grant,178,80,SA_REP
Charles,Johnson,179,80,SA_REP
Winston,Taylor,180,50,SH_CLERK
Jean,Fleaur,181,50,SH_CLERK
Martha,Sullivan,182,50,SH_CLERK
Girard,Geoni,183,50,SH_CLERK
Nandita,Sarchand,184,50,SH_CLERK
Alexis,Bull,185,50,SH_CLERK
Julia,Dellinger,186,50,SH_CLERK
Anthony,Cabrio,187,50,SH_CLERK
Kelly,Chung,188,50,SH_CLERK
Jennifer,Dilly,189,50,SH_CLERK
Timothy,Gates,190,50,SH_CLERK
Randall,Perkins,191,50,SH_CLERK
Sarah,Bell,192,50,SH_CLERK
Britney,Everett,193,50,SH_CLERK
Samuel,McCain,194,50,SH_CLERK
Vance,Jones,195,50,SH_CLERK
Alana,Walsh,196,50,SH_CLERK
Kevin,Feeney,197,50,SH_CLERK
Donald,OConnell,198,50,SH_CLERK
Douglas,Grant,199,50,SH_CLERK
Jennifer,Whalen,200,10,AD_ASST
Michael,Hartstein,201,20,MK_MAN
Pat,Fay,202,20,MK_REP
Susan,Mavris,203,40,HR_REP
Hermann,Baer,204,70,PR_REP
Shelley,Higgins,205,110,AC_MGR
William,Gietz,206,110,AC_ACCOUNT